field,min,max,mean_abs,rmse
Ex,-18.9043465,20.249052,0.0899821222,0.309660912
Ey,-20.4570026,18.2863884,0.0905548781,0.310682982
Hz,-0.0107589727,0.0146484375,0.000342333486,0.000884788518
